{
  "id": "4981191",
  "name": "dk85",
  "font_family": "iconfont",
  "css_prefix_text": "iconfont-",
  "description": "",
  "glyphs": [
    {
      "icon_id": "4967569",
      "name": "跟踪记录",
      "font_class": "genzongjilu",
      "unicode": "e66c",
      "unicode_decimal": 58988
    },
    {
      "icon_id": "10268650",
      "name": "预约记录4",
      "font_class": "yuyuejilu",
      "unicode": "e68d",
      "unicode_decimal": 59021
    },
    {
      "icon_id": "27035717",
      "name": "自动取款机",
      "font_class": "zidongqukuanji",
      "unicode": "e7e6",
      "unicode_decimal": 59366
    },
    {
      "icon_id": "1788949",
      "name": "刷新",
      "font_class": "shuaxin",
      "unicode": "e69b",
      "unicode_decimal": 59035
    },
    {
      "icon_id": "11891846",
      "name": "refresh",
      "font_class": "refresh",
      "unicode": "e675",
      "unicode_decimal": 58997
    },
    {
      "icon_id": "8288855",
      "name": "密码",
      "font_class": "mima",
      "unicode": "e850",
      "unicode_decimal": 59472
    },
    {
      "icon_id": "1761440",
      "name": "密码保护",
      "font_class": "protect",
      "unicode": "e632",
      "unicode_decimal": 58930
    },
    {
      "icon_id": "1129600",
      "name": "手机",
      "font_class": "mobile",
      "unicode": "e626",
      "unicode_decimal": 58918
    },
    {
      "icon_id": "5388069",
      "name": "眼睛_打开",
      "font_class": "eye-opened",
      "unicode": "ebcc",
      "unicode_decimal": 60364
    },
    {
      "icon_id": "5388071",
      "name": "眼睛_闭上",
      "font_class": "eye-closed",
      "unicode": "ebcd",
      "unicode_decimal": 60365
    },
    {
      "icon_id": "2002202",
      "name": "铃铛",
      "font_class": "lingdang",
      "unicode": "e646",
      "unicode_decimal": 58950
    },
    {
      "icon_id": "42249292",
      "name": "slots",
      "font_class": "slots",
      "unicode": "e678",
      "unicode_decimal": 59000
    },
    {
      "icon_id": "10979180",
      "name": "站内信息",
      "font_class": "zhanneixinxi",
      "unicode": "e687",
      "unicode_decimal": 59015
    },
    {
      "icon_id": "21501317",
      "name": "站内信2",
      "font_class": "zhanneixin2",
      "unicode": "e637",
      "unicode_decimal": 58935
    },
    {
      "icon_id": "35182899",
      "name": "站内信管理",
      "font_class": "zhanneixinguanli",
      "unicode": "e6d1",
      "unicode_decimal": 59089
    },
    {
      "icon_id": "7592553",
      "name": "24gl-bell",
      "font_class": "bell",
      "unicode": "ea09",
      "unicode_decimal": 59913
    },
    {
      "icon_id": "908585",
      "name": "通知",
      "font_class": "tongzhi",
      "unicode": "e6a4",
      "unicode_decimal": 59044
    },
    {
      "icon_id": "12981346",
      "name": "404",
      "font_class": "eroor-404",
      "unicode": "e600",
      "unicode_decimal": 58880
    },
    {
      "icon_id": "22864028",
      "name": "空状态",
      "font_class": "kongzhuangtai",
      "unicode": "e601",
      "unicode_decimal": 58881
    },
    {
      "icon_id": "34257742",
      "name": "无数据",
      "font_class": "nothing",
      "unicode": "e603",
      "unicode_decimal": 58883
    },
    {
      "icon_id": "904047",
      "name": "感叹号",
      "font_class": "gantanhao",
      "unicode": "e685",
      "unicode_decimal": 59013
    },
    {
      "icon_id": "20587660",
      "name": "感叹号",
      "font_class": "gantanhao1",
      "unicode": "e64c",
      "unicode_decimal": 58956
    },
    {
      "icon_id": "577357",
      "name": "删除",
      "font_class": "shanchu",
      "unicode": "e74b",
      "unicode_decimal": 59211
    },
    {
      "icon_id": "6180945",
      "name": "修改",
      "font_class": "xiugai",
      "unicode": "e64b",
      "unicode_decimal": 58955
    },
    {
      "icon_id": "34922569",
      "name": "添加",
      "font_class": "tianjia",
      "unicode": "e61e",
      "unicode_decimal": 58910
    },
    {
      "icon_id": "31567135",
      "name": "充值记录",
      "font_class": "chongzhijilu",
      "unicode": "e645",
      "unicode_decimal": 58949
    },
    {
      "icon_id": "856395",
      "name": "客服",
      "font_class": "kefu",
      "unicode": "e63c",
      "unicode_decimal": 58940
    },
    {
      "icon_id": "5998257",
      "name": "娱乐场所",
      "font_class": "yule",
      "unicode": "e668",
      "unicode_decimal": 58984
    },
    {
      "icon_id": "448696",
      "name": "heart",
      "font_class": "heart",
      "unicode": "e61f",
      "unicode_decimal": 58911
    },
    {
      "icon_id": "836659",
      "name": "heart",
      "font_class": "heart-fill",
      "unicode": "e738",
      "unicode_decimal": 59192
    },
    {
      "icon_id": "12670569",
      "name": "礼物",
      "font_class": "liwu",
      "unicode": "e67d",
      "unicode_decimal": 59005
    },
    {
      "icon_id": "34646575",
      "name": "钱包",
      "font_class": "qianbao",
      "unicode": "e667",
      "unicode_decimal": 58983
    },
    {
      "icon_id": "767493",
      "name": "银行卡",
      "font_class": "yinxingqia",
      "unicode": "e66b",
      "unicode_decimal": 58987
    },
    {
      "icon_id": "5238504",
      "name": "记录",
      "font_class": "jiludanzilishijilu",
      "unicode": "e61d",
      "unicode_decimal": 58909
    },
    {
      "icon_id": "8353877",
      "name": "记录1",
      "font_class": "jilu",
      "unicode": "e625",
      "unicode_decimal": 58917
    },
    {
      "icon_id": "10056231",
      "name": "用户",
      "font_class": "yonghu",
      "unicode": "e701",
      "unicode_decimal": 59137
    },
    {
      "icon_id": "11195029",
      "name": "记录",
      "font_class": "jilu1",
      "unicode": "e65e",
      "unicode_decimal": 58974
    },
    {
      "icon_id": "12515448",
      "name": "记录",
      "font_class": "jilu2",
      "unicode": "e60b",
      "unicode_decimal": 58891
    },
    {
      "icon_id": "34594827",
      "name": "日期",
      "font_class": "riqi",
      "unicode": "e62a",
      "unicode_decimal": 58922
    },
    {
      "icon_id": "240128",
      "name": "hot_fill",
      "font_class": "hotfill",
      "unicode": "e757",
      "unicode_decimal": 59223
    },
    {
      "icon_id": "17881402",
      "name": "lottery",
      "font_class": "lottery",
      "unicode": "e61c",
      "unicode_decimal": 58908
    },
    {
      "icon_id": "10510394",
      "name": "捕鱼",
      "font_class": "buyu",
      "unicode": "e60a",
      "unicode_decimal": 58890
    },
    {
      "icon_id": "16471720",
      "name": "棋牌",
      "font_class": "qipai",
      "unicode": "e7af",
      "unicode_decimal": 59311
    },
    {
      "icon_id": "6819046",
      "name": "筹码",
      "font_class": "chouma",
      "unicode": "e606",
      "unicode_decimal": 58886
    },
    {
      "icon_id": "36998420",
      "name": "casino",
      "font_class": "casino",
      "unicode": "e618",
      "unicode_decimal": 58904
    },
    {
      "icon_id": "39943916",
      "name": "casino1",
      "font_class": "casino11",
      "unicode": "e609",
      "unicode_decimal": 58889
    },
    {
      "icon_id": "43373837",
      "name": "casino-fill",
      "font_class": "spade-fill",
      "unicode": "e652",
      "unicode_decimal": 58962
    },
    {
      "icon_id": "43637650",
      "name": "n-casino-e",
      "font_class": "n-casino-e",
      "unicode": "e631",
      "unicode_decimal": 58929
    },
    {
      "icon_id": "7948604",
      "name": "棋牌室",
      "font_class": "qipaishi",
      "unicode": "e654",
      "unicode_decimal": 58964
    },
    {
      "icon_id": "784789",
      "name": "金额",
      "font_class": "money",
      "unicode": "e602",
      "unicode_decimal": 58882
    },
    {
      "icon_id": "3186902",
      "name": "金币",
      "font_class": "jinbi",
      "unicode": "e60e",
      "unicode_decimal": 58894
    },
    {
      "icon_id": "19573956",
      "name": "金币",
      "font_class": "jinbi1",
      "unicode": "e6b1",
      "unicode_decimal": 59057
    },
    {
      "icon_id": "34306069",
      "name": "金币",
      "font_class": "a-1",
      "unicode": "e6ea",
      "unicode_decimal": 59114
    },
    {
      "icon_id": "2866960",
      "name": "邮箱验证码",
      "font_class": "youxiangyanzhengma",
      "unicode": "e66a",
      "unicode_decimal": 58986
    },
    {
      "icon_id": "666888",
      "name": "手机",
      "font_class": "shouji",
      "unicode": "e692",
      "unicode_decimal": 59026
    },
    {
      "icon_id": "22721374",
      "name": "图形码",
      "font_class": "tuxingma1",
      "unicode": "e629",
      "unicode_decimal": 58921
    },
    {
      "icon_id": "7484858",
      "name": "短信验证码",
      "font_class": "duanxinyanzhengma",
      "unicode": "e61b",
      "unicode_decimal": 58907
    },
    {
      "icon_id": "8669773",
      "name": "验证码",
      "font_class": "yanzhengma",
      "unicode": "e67c",
      "unicode_decimal": 59004
    }
  ]
}
